alpha,split,scope,mrr,median_rank,recall@10,recall@20,recall@50,recall@100,recall@500
0.5,tuning,all,0.00268,2056.5,0.0,0.0,0.0,0.167,0.167
0.5,tuning,non_seed,0.00217,1752.5,0.0,0.0,0.0,0.0,0.333
0.5,test,all,0.00207,1035.0,0.0,0.0,0.0,0.071,0.286
0.5,test,non_seed,0.00256,1906.0,0.0,0.0,0.0,0.0,0.333
0.6,tuning,all,0.00227,2000.0,0.0,0.0,0.0,0.167,0.167
0.6,tuning,non_seed,0.00205,1696.0,0.0,0.0,0.0,0.0,0.333
0.6,test,all,0.00186,1149.0,0.0,0.0,0.0,0.071,0.286
0.6,test,non_seed,0.00237,1850.0,0.0,0.0,0.0,0.0,0.333
0.7,tuning,all,0.0021,1920.5,0.0,0.0,0.0,0.0,0.167
0.7,tuning,non_seed,0.00201,1616.5,0.0,0.0,0.0,0.0,0.333
0.7,test,all,0.00176,1221.0,0.0,0.0,0.0,0.0,0.286
0.7,test,non_seed,0.00226,1796.0,0.0,0.0,0.0,0.0,0.333
0.8,tuning,all,0.00194,1949.5,0.0,0.0,0.0,0.0,0.167
0.8,tuning,non_seed,0.00196,1645.5,0.0,0.0,0.0,0.0,0.333
0.8,test,all,0.00166,1261.0,0.0,0.0,0.0,0.0,0.286
0.8,test,non_seed,0.00214,1713.0,0.0,0.0,0.0,0.0,0.333
0.85,tuning,all,0.00177,2032.5,0.0,0.0,0.0,0.0,0.167
0.85,tuning,non_seed,0.00185,1728.5,0.0,0.0,0.0,0.0,0.333
0.85,test,all,0.00156,1271.0,0.0,0.0,0.0,0.0,0.286
0.85,test,non_seed,0.00201,1672.0,0.0,0.0,0.0,0.0,0.333
0.9,tuning,all,0.00171,2114.5,0.0,0.0,0.0,0.0,0.167
0.9,tuning,non_seed,0.0018,1810.5,0.0,0.0,0.0,0.0,0.333
0.9,test,all,0.00152,1290.0,0.0,0.0,0.0,0.0,0.286
0.9,test,non_seed,0.00193,1640.0,0.0,0.0,0.0,0.0,0.333
0.95,tuning,all,0.00163,2183.0,0.0,0.0,0.0,0.0,0.167
0.95,tuning,non_seed,0.00185,1879.0,0.0,0.0,0.0,0.0,0.333
0.95,test,all,0.00145,1328.0,0.0,0.0,0.0,0.0,0.214
0.95,test,non_seed,0.00185,1630.0,0.0,0.0,0.0,0.0,0.333
