K,llm_hours,standard_in_shortlist,standard_top20_without_llm,standard_top20_with_llm,personalized_in_shortlist,personalized_top20_without_llm,personalized_top20_with_llm,hybrid_in_shortlist,hybrid_top20_without_llm,hybrid_top20_with_llm
10,0.04,0,0,0,0,0,0,0,0,0
25,0.1,0,0,0,0,0,0,0,0,0
50,0.21,2,0,1,0,0,0,1,0,0
100,0.41,2,0,1,0,0,0,2,0,1
150,0.62,2,0,1,1,0,1,2,0,1
200,0.83,4,0,1,2,0,2,2,0,1
250,1.03,4,0,1,2,0,2,3,0,1
266,1.1,4,0,1,2,0,2,3,0,1
300,1.24,,,,,,,5,0,1
400,1.66,,,,,,,6,0,1
490,2.03,,,,,,,6,0,1
